{
  "providers": {
    "awscloudformation": {
      "AuthRoleName": "amplify-awsuploader-dev-153256-authRole",
      "UnauthRoleArn": "arn:aws:iam::644240444961:role/amplify-awsuploader-dev-153256-unauthRole",
      "AuthRoleArn": "arn:aws:iam::644240444961:role/amplify-awsuploader-dev-153256-authRole",
      "Region": "us-east-1",
      "DeploymentBucketName": "amplify-awsuploader-dev-153256-deployment",
      "UnauthRoleName": "amplify-awsuploader-dev-153256-unauthRole",
      "StackName": "amplify-awsuploader-dev-153256",
      "StackId": "arn:aws:cloudformation:us-east-1:644240444961:stack/amplify-awsuploader-dev-153256/6c8bda80-20e0-11eb-a806-0a39c55408a9",
      "AmplifyAppId": "d3bz7taucq1uvz"
    }
  },
  "auth": {
    "awsuploader4ea8f108": {
      "service": "Cognito",
      "providerPlugin": "awscloudformation",
      "dependsOn": [],
      "customAuth": false,
      "providerMetadata": {
        "s3TemplateURL": "https://s3.amazonaws.com/amplify-awsuploader-dev-153256-deployment/amplify-cfn-templates/auth/awsuploader4ea8f108-cloudformation-template.yml",
        "logicalId": "authawsuploader4ea8f108"
      },
      "lastPushTimeStamp": "2020-11-09T16:04:15.879Z",
      "output": {
        "AppClientSecret": "1eai1s3e6glg8bjvtf1e8h1rhjkbdo5u471jfpa7doin7in7r908",
        "UserPoolId": "us-east-1_ERsAiIFCa",
        "AppClientIDWeb": "3rrqfiddqmqhl93fum11ujce2n",
        "AppClientID": "3qnabmha3q2c45d7on0l75jsch",
        "IdentityPoolId": "us-east-1:d37b9005-54e6-4088-b2b3-21315769e3b9",
        "IdentityPoolName": "awsuploader4ea8f108_identitypool_4ea8f108__dev",
        "UserPoolName": "awsuploader4ea8f108_userpool_4ea8f108"
      },
      "lastPushDirHash": "12EFR2xHeVzf+F3pGi19TlcYqfk="
    }
  },
  "function": {
    "S3Trigger61263168": {
      "service": "Lambda",
      "providerPlugin": "awscloudformation",
      "build": true,
      "lastBuildTimeStamp": "2020-11-07T10:37:40.544Z",
      "lastPackageTimeStamp": "2020-11-07T10:37:40.627Z",
      "distZipFilename": "S3Trigger61263168-694642536957474b376f-build.zip",
      "providerMetadata": {
        "s3TemplateURL": "https://s3.amazonaws.com/amplify-awsuploader-dev-153256-deployment/amplify-cfn-templates/function/S3Trigger61263168-cloudformation-template.json",
        "logicalId": "functionS3Trigger61263168"
      },
      "lastPushTimeStamp": "2020-11-09T16:04:15.888Z",
      "output": {
        "Region": "us-east-1",
        "Arn": "arn:aws:lambda:us-east-1:644240444961:function:S3Trigger61263168-dev",
        "Name": "S3Trigger61263168-dev",
        "LambdaExecutionRole": "S3Trigger61263168LambdaRole61263168-dev"
      },
      "lastPushDirHash": "L0fJM3BCn1qAvF5TbV56jnnGG0U="
    }
  },
  "storage": {
    "asset": {
      "service": "S3",
      "providerPlugin": "awscloudformation",
      "dependsOn": [
        {
          "category": "function",
          "resourceName": "S3Trigger61263168",
          "attributes": [
            "Name",
            "Arn",
            "LambdaExecutionRole"
          ]
        }
      ],
      "providerMetadata": {
        "s3TemplateURL": "https://s3.amazonaws.com/amplify-awsuploader-dev-153256-deployment/amplify-cfn-templates/storage/s3-cloudformation-template.json",
        "logicalId": "storageasset"
      },
      "lastPushTimeStamp": "2020-11-09T16:04:15.898Z",
      "output": {
        "BucketName": "amplify-awsuploader-dev-153256-deployment153256-dev",
        "Region": "us-east-1"
      },
      "lastPushDirHash": "5ejCC+CPjrxtjLEC+3h5WD6gHBc="
    }
  },
  "hosting": {
    "S3AndCloudFront": {
      "service": "S3AndCloudFront",
      "providerPlugin": "awscloudformation",
      "providerMetadata": {
        "s3TemplateURL": "https://s3.amazonaws.com/amplify-awsuploader-dev-153256-deployment/amplify-cfn-templates/hosting/template.json",
        "logicalId": "hostingS3AndCloudFront"
      },
      "lastPushTimeStamp": "2020-11-09T16:04:15.903Z",
      "output": {
        "S3BucketSecureURL": "https://asset-uploader-dev.s3.amazonaws.com",
        "WebsiteURL": "http://asset-uploader-dev.s3-website-us-east-1.amazonaws.com",
        "Region": "us-east-1",
        "HostingBucketName": "asset-uploader-dev"
      },
      "lastPushDirHash": "Z4zWHpcGGH9z6nM5wDK0aC3Fikc="
    }
  }
}