{
  "auth": {
    "awsuploader4ea8f108": {
      "service": "Cognito",
      "providerPlugin": "awscloudformation",
      "dependsOn": [],
      "customAuth": false
    }
  },
  "function": {
    "S3Trigger61263168": {
      "service": "Lambda",
      "providerPlugin": "awscloudformation",
      "build": true
    }
  },
  "storage": {
    "asset": {
      "service": "S3",
      "providerPlugin": "awscloudformation",
      "dependsOn": [
        {
          "category": "function",
          "resourceName": "S3Trigger61263168",
          "attributes": [
            "Name",
            "Arn",
            "LambdaExecutionRole"
          ]
        }
      ]
    }
  },
  "hosting": {
    "S3AndCloudFront": {
      "service": "S3AndCloudFront",
      "providerPlugin": "awscloudformation"
    }
  }
}