{
  "dev": {
    "awscloudformation": {
      "AuthRoleName": "amplify-awsuploader-dev-153256-authRole",
      "UnauthRoleArn": "arn:aws:iam::644240444961:role/amplify-awsuploader-dev-153256-unauthRole",
      "AuthRoleArn": "arn:aws:iam::644240444961:role/amplify-awsuploader-dev-153256-authRole",
      "Region": "us-east-1",
      "DeploymentBucketName": "amplify-awsuploader-dev-153256-deployment",
      "UnauthRoleName": "amplify-awsuploader-dev-153256-unauthRole",
      "StackName": "amplify-awsuploader-dev-153256",
      "StackId": "arn:aws:cloudformation:us-east-1:644240444961:stack/amplify-awsuploader-dev-153256/6c8bda80-20e0-11eb-a806-0a39c55408a9",
      "AmplifyAppId": "d3bz7taucq1uvz"
    },
    "categories": {
      "auth": {
        "awsuploader4ea8f108": {}
      }
    }
  }
}